<metadata xml:lang="en"><Esri><CreaDate>20170317</CreaDate><CreaTime>14163100</CreaTime><ArcGISFormat>1.0</ArcGISFormat><SyncOnce>FALSE</SyncOnce><DataProperties><lineage><Process ToolSource="C:\Program Files (x86)\ArcGIS\Desktop10.0\ArcToolbox\Toolboxes\Data Management Tools.tbx\CalculateField" Date="20120523" Time="114648">CalculateField PlanSupDist_01 SupDist 1 VB #</Process><Process ToolSource="c:\program files (x86)\arcgis\desktop10.0\ArcToolbox\Toolboxes\Data Management Tools.tbx\Merge" Date="20120523" Time="172203">Merge 'O:\Precinct Services\Projects\GIS\Reprecincting 2012\Output\SF_DOE_precincts_2012.gdb\Boundaries\Precincts_Dist01';'O:\Precinct Services\Projects\GIS\Reprecincting 2012\Output\SF_DOE_precincts_2012.gdb\Boundaries\Precincts_Dist02';'O:\Precinct Services\Projects\GIS\Reprecincting 2012\Output\SF_DOE_precincts_2012.gdb\Boundaries\Precincts_Dist03';'O:\Precinct Services\Projects\GIS\Reprecincting 2012\Output\SF_DOE_precincts_2012.gdb\Boundaries\Precincts_Dist04';'O:\Precinct Services\Projects\GIS\Reprecincting 2012\Output\SF_DOE_precincts_2012.gdb\Boundaries\Precincts_Dist05';'O:\Precinct Services\Projects\GIS\Reprecincting 2012\Output\SF_DOE_precincts_2012.gdb\Boundaries\Precincts_Dist06';'O:\Precinct Services\Projects\GIS\Reprecincting 2012\Output\SF_DOE_precincts_2012.gdb\Boundaries\Precincts_Dist07';'O:\Precinct Services\Projects\GIS\Reprecincting 2012\Output\SF_DOE_precincts_2012.gdb\Boundaries\Precincts_Dist08';'O:\Precinct Services\Projects\GIS\Reprecincting 2012\Output\SF_DOE_precincts_2012.gdb\Boundaries\Precincts_Dist09';'O:\Precinct Services\Projects\GIS\Reprecincting 2012\Output\SF_DOE_precincts_2012.gdb\Boundaries\Precincts_Dist10';'O:\Precinct Services\Projects\GIS\Reprecincting 2012\Output\SF_DOE_precincts_2012.gdb\Boundaries\Precincts_Dist11' "O:\Precinct Services\Projects\GIS\Reprecincting 2012\SF_DOE_Redistricting2012.gdb\Precincts_Dist01_Merge" "OBJECTID "OBJECTID" true true false 4 Long 0 0 ,First,#,O:\Precinct Services\Projects\GIS\Reprecincting 2012\Output\SF_DOE_precincts_2012.gdb\Boundaries\Precincts_Dist01,OBJECTID,-1,-1,O:\Precinct Services\Projects\GIS\Reprecincting 2012\Output\SF_DOE_precincts_2012.gdb\Boundaries\Precincts_Dist02,OBJECTID,-1,-1,O:\Precinct Services\Projects\GIS\Reprecincting 2012\Output\SF_DOE_precincts_2012.gdb\Boundaries\Precincts_Dist03,OBJECTID,-1,-1,O:\Precinct Services\Projects\GIS\Reprecincting 2012\Output\SF_DOE_precincts_2012.gdb\Boundaries\Precincts_Dist04,OBJECTID,-1,-1,O:\Precinct Services\Projects\GIS\Reprecincting 2012\Output\SF_DOE_precincts_2012.gdb\Boundaries\Precincts_Dist05,OBJECTID,-1,-1,O:\Precinct Services\Projects\GIS\Reprecincting 2012\Output\SF_DOE_precincts_2012.gdb\Boundaries\Precincts_Dist06,OBJECTID,-1,-1,O:\Precinct Services\Projects\GIS\Reprecincting 2012\Output\SF_DOE_precincts_2012.gdb\Boundaries\Precincts_Dist07,OBJECTID,-1,-1,O:\Precinct Services\Projects\GIS\Reprecincting 2012\Output\SF_DOE_precincts_2012.gdb\Boundaries\Precincts_Dist08,OBJECTID,-1,-1,O:\Precinct Services\Projects\GIS\Reprecincting 2012\Output\SF_DOE_precincts_2012.gdb\Boundaries\Precincts_Dist09,OBJECTID,-1,-1,O:\Precinct Services\Projects\GIS\Reprecincting 2012\Output\SF_DOE_precincts_2012.gdb\Boundaries\Precincts_Dist10,OBJECTID,-1,-1,O:\Precinct Services\Projects\GIS\Reprecincting 2012\Output\SF_DOE_precincts_2012.gdb\Boundaries\Precincts_Dist11,OBJECTID,-1,-1;DIST_ID "DIST_ID" true true false 4 Long 0 0 ,First,#,O:\Precinct Services\Projects\GIS\Reprecincting 2012\Output\SF_DOE_precincts_2012.gdb\Boundaries\Precincts_Dist01,DIST_ID,-1,-1,O:\Precinct Services\Projects\GIS\Reprecincting 2012\Output\SF_DOE_precincts_2012.gdb\Boundaries\Precincts_Dist02,DIST_ID,-1,-1,O:\Precinct Services\Projects\GIS\Reprecincting 2012\Output\SF_DOE_precincts_2012.gdb\Boundaries\Precincts_Dist03,DIST_ID,-1,-1,O:\Precinct Services\Projects\GIS\Reprecincting 2012\Output\SF_DOE_precincts_2012.gdb\Boundaries\Precincts_Dist04,DIST_ID,-1,-1,O:\Precinct Services\Projects\GIS\Reprecincting 2012\Output\SF_DOE_precincts_2012.gdb\Boundaries\Precincts_Dist05,DIST_ID,-1,-1,O:\Precinct Services\Projects\GIS\Reprecincting 2012\Output\SF_DOE_precincts_2012.gdb\Boundaries\Precincts_Dist06,DIST_ID,-1,-1,O:\Precinct Services\Projects\GIS\Reprecincting 2012\Output\SF_DOE_precincts_2012.gdb\Boundaries\Precincts_Dist07,DIST_ID,-1,-1,O:\Precinct Services\Projects\GIS\Reprecincting 2012\Output\SF_DOE_precincts_2012.gdb\Boundaries\Precincts_Dist08,DIST_ID,-1,-1,O:\Precinct Services\Projects\GIS\Reprecincting 2012\Output\SF_DOE_precincts_2012.gdb\Boundaries\Precincts_Dist09,DIST_ID,-1,-1,O:\Precinct Services\Projects\GIS\Reprecincting 2012\Output\SF_DOE_precincts_2012.gdb\Boundaries\Precincts_Dist10,DIST_ID,-1,-1,O:\Precinct Services\Projects\GIS\Reprecincting 2012\Output\SF_DOE_precincts_2012.gdb\Boundaries\Precincts_Dist11,DIST_ID,-1,-1;DIST_NAME "DIST_NAME" true true false 254 Text 0 0 ,First,#,O:\Precinct Services\Projects\GIS\Reprecincting 2012\Output\SF_DOE_precincts_2012.gdb\Boundaries\Precincts_Dist01,DIST_NAME,-1,-1,O:\Precinct Services\Projects\GIS\Reprecincting 2012\Output\SF_DOE_precincts_2012.gdb\Boundaries\Precincts_Dist02,DIST_NAME,-1,-1,O:\Precinct Services\Projects\GIS\Reprecincting 2012\Output\SF_DOE_precincts_2012.gdb\Boundaries\Precincts_Dist03,DIST_NAME,-1,-1,O:\Precinct Services\Projects\GIS\Reprecincting 2012\Output\SF_DOE_precincts_2012.gdb\Boundaries\Precincts_Dist04,DIST_NAME,-1,-1,O:\Precinct Services\Projects\GIS\Reprecincting 2012\Output\SF_DOE_precincts_2012.gdb\Boundaries\Precincts_Dist05,DIST_NAME,-1,-1,O:\Precinct Services\Projects\GIS\Reprecincting 2012\Output\SF_DOE_precincts_2012.gdb\Boundaries\Precincts_Dist06,DIST_NAME,-1,-1,O:\Precinct Services\Projects\GIS\Reprecincting 2012\Output\SF_DOE_precincts_2012.gdb\Boundaries\Precincts_Dist07,DIST_NAME,-1,-1,O:\Precinct Services\Projects\GIS\Reprecincting 2012\Output\SF_DOE_precincts_2012.gdb\Boundaries\Precincts_Dist08,DIST_NAME,-1,-1,O:\Precinct Services\Projects\GIS\Reprecincting 2012\Output\SF_DOE_precincts_2012.gdb\Boundaries\Precincts_Dist09,DIST_NAME,-1,-1,O:\Precinct Services\Projects\GIS\Reprecincting 2012\Output\SF_DOE_precincts_2012.gdb\Boundaries\Precincts_Dist10,DIST_NAME,-1,-1,O:\Precinct Services\Projects\GIS\Reprecincting 2012\Output\SF_DOE_precincts_2012.gdb\Boundaries\Precincts_Dist11,DIST_NAME,-1,-1;SHAPE_Leng "SHAPE_Leng" true true false 8 Double 0 0 ,First,#,O:\Precinct Services\Projects\GIS\Reprecincting 2012\Output\SF_DOE_precincts_2012.gdb\Boundaries\Precincts_Dist01,SHAPE_Leng,-1,-1,O:\Precinct Services\Projects\GIS\Reprecincting 2012\Output\SF_DOE_precincts_2012.gdb\Boundaries\Precincts_Dist02,SHAPE_Leng,-1,-1,O:\Precinct Services\Projects\GIS\Reprecincting 2012\Output\SF_DOE_precincts_2012.gdb\Boundaries\Precincts_Dist03,SHAPE_Leng,-1,-1,O:\Precinct Services\Projects\GIS\Reprecincting 2012\Output\SF_DOE_precincts_2012.gdb\Boundaries\Precincts_Dist04,SHAPE_Leng,-1,-1,O:\Precinct Services\Projects\GIS\Reprecincting 2012\Output\SF_DOE_precincts_2012.gdb\Boundaries\Precincts_Dist05,SHAPE_Leng,-1,-1,O:\Precinct Services\Projects\GIS\Reprecincting 2012\Output\SF_DOE_precincts_2012.gdb\Boundaries\Precincts_Dist06,SHAPE_Leng,-1,-1,O:\Precinct Services\Projects\GIS\Reprecincting 2012\Output\SF_DOE_precincts_2012.gdb\Boundaries\Precincts_Dist07,SHAPE_Leng,-1,-1,O:\Precinct Services\Projects\GIS\Reprecincting 2012\Output\SF_DOE_precincts_2012.gdb\Boundaries\Precincts_Dist08,SHAPE_Leng,-1,-1,O:\Precinct Services\Projects\GIS\Reprecincting 2012\Output\SF_DOE_precincts_2012.gdb\Boundaries\Precincts_Dist09,SHAPE_Leng,-1,-1,O:\Precinct Services\Projects\GIS\Reprecincting 2012\Output\SF_DOE_precincts_2012.gdb\Boundaries\Precincts_Dist10,SHAPE_Leng,-1,-1,O:\Precinct Services\Projects\GIS\Reprecincting 2012\Output\SF_DOE_precincts_2012.gdb\Boundaries\Precincts_Dist11,SHAPE_Leng,-1,-1;Precinct "Precinct" true true false 30 Text 0 0 ,First,#,O:\Precinct Services\Projects\GIS\Reprecincting 2012\Output\SF_DOE_precincts_2012.gdb\Boundaries\Precincts_Dist01,Precinct,-1,-1,O:\Precinct Services\Projects\GIS\Reprecincting 2012\Output\SF_DOE_precincts_2012.gdb\Boundaries\Precincts_Dist02,Precinct,-1,-1,O:\Precinct Services\Projects\GIS\Reprecincting 2012\Output\SF_DOE_precincts_2012.gdb\Boundaries\Precincts_Dist03,Precinct,-1,-1,O:\Precinct Services\Projects\GIS\Reprecincting 2012\Output\SF_DOE_precincts_2012.gdb\Boundaries\Precincts_Dist04,Precinct,-1,-1,O:\Precinct Services\Projects\GIS\Reprecincting 2012\Output\SF_DOE_precincts_2012.gdb\Boundaries\Precincts_Dist05,Precinct,-1,-1,O:\Precinct Services\Projects\GIS\Reprecincting 2012\Output\SF_DOE_precincts_2012.gdb\Boundaries\Precincts_Dist06,Precinct,-1,-1,O:\Precinct Services\Projects\GIS\Reprecincting 2012\Output\SF_DOE_precincts_2012.gdb\Boundaries\Precincts_Dist07,Precinct,-1,-1,O:\Precinct Services\Projects\GIS\Reprecincting 2012\Output\SF_DOE_precincts_2012.gdb\Boundaries\Precincts_Dist08,Precinct,-1,-1,O:\Precinct Services\Projects\GIS\Reprecincting 2012\Output\SF_DOE_precincts_2012.gdb\Boundaries\Precincts_Dist09,Precinct,-1,-1,O:\Precinct Services\Projects\GIS\Reprecincting 2012\Output\SF_DOE_precincts_2012.gdb\Boundaries\Precincts_Dist10,Precinct,-1,-1,O:\Precinct Services\Projects\GIS\Reprecincting 2012\Output\SF_DOE_precincts_2012.gdb\Boundaries\Precincts_Dist11,Precinct,-1,-1;ALAND10 "ALAND10" true true false 8 Double 0 0 ,First,#,O:\Precinct Services\Projects\GIS\Reprecincting 2012\Output\SF_DOE_precincts_2012.gdb\Boundaries\Precincts_Dist01,ALAND10,-1,-1;VOTPERBLOC "VOTPERBLOC" true true false 8 Double 0 0 ,First,#,O:\Precinct Services\Projects\GIS\Reprecincting 2012\Output\SF_DOE_precincts_2012.gdb\Boundaries\Precincts_Dist01,VOTPERBLOC,-1,-1,O:\Precinct Services\Projects\GIS\Reprecincting 2012\Output\SF_DOE_precincts_2012.gdb\Boundaries\Precincts_Dist02,VOTPERBLOC,-1,-1,O:\Precinct Services\Projects\GIS\Reprecincting 2012\Output\SF_DOE_precincts_2012.gdb\Boundaries\Precincts_Dist03,VOTPERBLOC,-1,-1,O:\Precinct Services\Projects\GIS\Reprecincting 2012\Output\SF_DOE_precincts_2012.gdb\Boundaries\Precincts_Dist04,VOTPERBLOC,-1,-1,O:\Precinct Services\Projects\GIS\Reprecincting 2012\Output\SF_DOE_precincts_2012.gdb\Boundaries\Precincts_Dist05,VOTPERBLOC,-1,-1,O:\Precinct Services\Projects\GIS\Reprecincting 2012\Output\SF_DOE_precincts_2012.gdb\Boundaries\Precincts_Dist06,VOTPERBLOC,-1,-1,O:\Precinct Services\Projects\GIS\Reprecincting 2012\Output\SF_DOE_precincts_2012.gdb\Boundaries\Precincts_Dist07,VOTPERBLOC,-1,-1,O:\Precinct Services\Projects\GIS\Reprecincting 2012\Output\SF_DOE_precincts_2012.gdb\Boundaries\Precincts_Dist08,VOTPERBLOC,-1,-1,O:\Precinct Services\Projects\GIS\Reprecincting 2012\Output\SF_DOE_precincts_2012.gdb\Boundaries\Precincts_Dist09,VOTPERBLOC,-1,-1,O:\Precinct Services\Projects\GIS\Reprecincting 2012\Output\SF_DOE_precincts_2012.gdb\Boundaries\Precincts_Dist10,VOTPERBLOC,-1,-1,O:\Precinct Services\Projects\GIS\Reprecincting 2012\Output\SF_DOE_precincts_2012.gdb\Boundaries\Precincts_Dist11,VOTPERBLOC,-1,-1;DX_DEV "DX_DEV" true true false 8 Double 0 0 ,First,#,O:\Precinct Services\Projects\GIS\Reprecincting 2012\Output\SF_DOE_precincts_2012.gdb\Boundaries\Precincts_Dist01,DX_DEV,-1,-1,O:\Precinct Services\Projects\GIS\Reprecincting 2012\Output\SF_DOE_precincts_2012.gdb\Boundaries\Precincts_Dist02,DX_DEV,-1,-1,O:\Precinct Services\Projects\GIS\Reprecincting 2012\Output\SF_DOE_precincts_2012.gdb\Boundaries\Precincts_Dist03,DX_DEV,-1,-1,O:\Precinct Services\Projects\GIS\Reprecincting 2012\Output\SF_DOE_precincts_2012.gdb\Boundaries\Precincts_Dist04,DX_DEV,-1,-1,O:\Precinct Services\Projects\GIS\Reprecincting 2012\Output\SF_DOE_precincts_2012.gdb\Boundaries\Precincts_Dist05,DX_DEV,-1,-1,O:\Precinct Services\Projects\GIS\Reprecincting 2012\Output\SF_DOE_precincts_2012.gdb\Boundaries\Precincts_Dist06,DX_DEV,-1,-1,O:\Precinct Services\Projects\GIS\Reprecincting 2012\Output\SF_DOE_precincts_2012.gdb\Boundaries\Precincts_Dist07,DX_DEV,-1,-1,O:\Precinct Services\Projects\GIS\Reprecincting 2012\Output\SF_DOE_precincts_2012.gdb\Boundaries\Precincts_Dist08,DX_DEV,-1,-1,O:\Precinct Services\Projects\GIS\Reprecincting 2012\Output\SF_DOE_precincts_2012.gdb\Boundaries\Precincts_Dist09,DX_DEV,-1,-1,O:\Precinct Services\Projects\GIS\Reprecincting 2012\Output\SF_DOE_precincts_2012.gdb\Boundaries\Precincts_Dist10,DX_DEV,-1,-1,O:\Precinct Services\Projects\GIS\Reprecincting 2012\Output\SF_DOE_precincts_2012.gdb\Boundaries\Precincts_Dist11,DX_DEV,-1,-1;VOTPERBLO1 "VOTPERBLO1" true true false 8 Double 0 0 ,First,#,O:\Precinct Services\Projects\GIS\Reprecincting 2012\Output\SF_DOE_precincts_2012.gdb\Boundaries\Precincts_Dist01,VOTPERBLO1,-1,-1,O:\Precinct Services\Projects\GIS\Reprecincting 2012\Output\SF_DOE_precincts_2012.gdb\Boundaries\Precincts_Dist02,VOTPERBLO1,-1,-1,O:\Precinct Services\Projects\GIS\Reprecincting 2012\Output\SF_DOE_precincts_2012.gdb\Boundaries\Precincts_Dist03,VOTPERBLO1,-1,-1,O:\Precinct Services\Projects\GIS\Reprecincting 2012\Output\SF_DOE_precincts_2012.gdb\Boundaries\Precincts_Dist04,VOTPERBLO1,-1,-1,O:\Precinct Services\Projects\GIS\Reprecincting 2012\Output\SF_DOE_precincts_2012.gdb\Boundaries\Precincts_Dist05,VOTPERBLO1,-1,-1,O:\Precinct Services\Projects\GIS\Reprecincting 2012\Output\SF_DOE_precincts_2012.gdb\Boundaries\Precincts_Dist06,VOTPERBLO1,-1,-1,O:\Precinct Services\Projects\GIS\Reprecincting 2012\Output\SF_DOE_precincts_2012.gdb\Boundaries\Precincts_Dist07,VOTPERBLO1,-1,-1,O:\Precinct Services\Projects\GIS\Reprecincting 2012\Output\SF_DOE_precincts_2012.gdb\Boundaries\Precincts_Dist08,VOTPERBLO1,-1,-1,O:\Precinct Services\Projects\GIS\Reprecincting 2012\Output\SF_DOE_precincts_2012.gdb\Boundaries\Precincts_Dist09,VOTPERBLO1,-1,-1,O:\Precinct Services\Projects\GIS\Reprecincting 2012\Output\SF_DOE_precincts_2012.gdb\Boundaries\Precincts_Dist10,VOTPERBLO1,-1,-1,O:\Precinct Services\Projects\GIS\Reprecincting 2012\Output\SF_DOE_precincts_2012.gdb\Boundaries\Precincts_Dist11,VOTPERBLO1,-1,-1;Precinct_N "Precinct_N" true true false 50 Text 0 0 ,First,#,O:\Precinct Services\Projects\GIS\Reprecincting 2012\Output\SF_DOE_precincts_2012.gdb\Boundaries\Precincts_Dist01,Precinct_N,-1,-1,O:\Precinct Services\Projects\GIS\Reprecincting 2012\Output\SF_DOE_precincts_2012.gdb\Boundaries\Precincts_Dist02,Precinct_N,-1,-1,O:\Precinct Services\Projects\GIS\Reprecincting 2012\Output\SF_DOE_precincts_2012.gdb\Boundaries\Precincts_Dist03,Precinct_N,-1,-1,O:\Precinct Services\Projects\GIS\Reprecincting 2012\Output\SF_DOE_precincts_2012.gdb\Boundaries\Precincts_Dist04,Precinct_N,-1,-1,O:\Precinct Services\Projects\GIS\Reprecincting 2012\Output\SF_DOE_precincts_2012.gdb\Boundaries\Precincts_Dist05,Precinct_N,-1,-1,O:\Precinct Services\Projects\GIS\Reprecincting 2012\Output\SF_DOE_precincts_2012.gdb\Boundaries\Precincts_Dist06,Precinct_N,-1,-1,O:\Precinct Services\Projects\GIS\Reprecincting 2012\Output\SF_DOE_precincts_2012.gdb\Boundaries\Precincts_Dist07,Precinct_N,-1,-1,O:\Precinct Services\Projects\GIS\Reprecincting 2012\Output\SF_DOE_precincts_2012.gdb\Boundaries\Precincts_Dist08,Precinct_N,-1,-1,O:\Precinct Services\Projects\GIS\Reprecincting 2012\Output\SF_DOE_precincts_2012.gdb\Boundaries\Precincts_Dist09,Precinct_N,-1,-1,O:\Precinct Services\Projects\GIS\Reprecincting 2012\Output\SF_DOE_precincts_2012.gdb\Boundaries\Precincts_Dist10,Precinct_N,-1,-1,O:\Precinct Services\Projects\GIS\Reprecincting 2012\Output\SF_DOE_precincts_2012.gdb\Boundaries\Precincts_Dist11,Precinct_N,-1,-1;SupDist "SupDist" true true false 10 Text 0 0 ,First,#,O:\Precinct Services\Projects\GIS\Reprecincting 2012\Output\SF_DOE_precincts_2012.gdb\Boundaries\Precincts_Dist01,SupDist,-1,-1,O:\Precinct Services\Projects\GIS\Reprecincting 2012\Output\SF_DOE_precincts_2012.gdb\Boundaries\Precincts_Dist02,SupDist,-1,-1,O:\Precinct Services\Projects\GIS\Reprecincting 2012\Output\SF_DOE_precincts_2012.gdb\Boundaries\Precincts_Dist03,SupDist,-1,-1,O:\Precinct Services\Projects\GIS\Reprecincting 2012\Output\SF_DOE_precincts_2012.gdb\Boundaries\Precincts_Dist04,SupDist,-1,-1,O:\Precinct Services\Projects\GIS\Reprecincting 2012\Output\SF_DOE_precincts_2012.gdb\Boundaries\Precincts_Dist05,SupDist,-1,-1,O:\Precinct Services\Projects\GIS\Reprecincting 2012\Output\SF_DOE_precincts_2012.gdb\Boundaries\Precincts_Dist06,SupDist,-1,-1,O:\Precinct Services\Projects\GIS\Reprecincting 2012\Output\SF_DOE_precincts_2012.gdb\Boundaries\Precincts_Dist07,SupDist,-1,-1,O:\Precinct Services\Projects\GIS\Reprecincting 2012\Output\SF_DOE_precincts_2012.gdb\Boundaries\Precincts_Dist08,SupDist,-1,-1,O:\Precinct Services\Projects\GIS\Reprecincting 2012\Output\SF_DOE_precincts_2012.gdb\Boundaries\Precincts_Dist09,SupDist,-1,-1,O:\Precinct Services\Projects\GIS\Reprecincting 2012\Output\SF_DOE_precincts_2012.gdb\Boundaries\Precincts_Dist10,SupDist,-1,-1;Shape_Length "Shape_Length" false true true 8 Double 0 0 ,First,#,O:\Precinct Services\Projects\GIS\Reprecincting 2012\Output\SF_DOE_precincts_2012.gdb\Boundaries\Precincts_Dist01,Shape_Length,-1,-1,O:\Precinct Services\Projects\GIS\Reprecincting 2012\Output\SF_DOE_precincts_2012.gdb\Boundaries\Precincts_Dist02,Shape_Length,-1,-1,O:\Precinct Services\Projects\GIS\Reprecincting 2012\Output\SF_DOE_precincts_2012.gdb\Boundaries\Precincts_Dist03,Shape_Length,-1,-1,O:\Precinct Services\Projects\GIS\Reprecincting 2012\Output\SF_DOE_precincts_2012.gdb\Boundaries\Precincts_Dist04,Shape_Length,-1,-1,O:\Precinct Services\Projects\GIS\Reprecincting 2012\Output\SF_DOE_precincts_2012.gdb\Boundaries\Precincts_Dist05,Shape_Length,-1,-1,O:\Precinct Services\Projects\GIS\Reprecincting 2012\Output\SF_DOE_precincts_2012.gdb\Boundaries\Precincts_Dist06,Shape_Length,-1,-1,O:\Precinct Services\Projects\GIS\Reprecincting 2012\Output\SF_DOE_precincts_2012.gdb\Boundaries\Precincts_Dist07,Shape_Length,-1,-1,O:\Precinct Services\Projects\GIS\Reprecincting 2012\Output\SF_DOE_precincts_2012.gdb\Boundaries\Precincts_Dist08,Shape_Length,-1,-1,O:\Precinct Services\Projects\GIS\Reprecincting 2012\Output\SF_DOE_precincts_2012.gdb\Boundaries\Precincts_Dist09,Shape_Length,-1,-1,O:\Precinct Services\Projects\GIS\Reprecincting 2012\Output\SF_DOE_precincts_2012.gdb\Boundaries\Precincts_Dist10,Shape_Length,-1,-1,O:\Precinct Services\Projects\GIS\Reprecincting 2012\Output\SF_DOE_precincts_2012.gdb\Boundaries\Precincts_Dist11,Shape_Length,-1,-1;Shape_Area "Shape_Area" false true true 8 Double 0 0 ,First,#,O:\Precinct Services\Projects\GIS\Reprecincting 2012\Output\SF_DOE_precincts_2012.gdb\Boundaries\Precincts_Dist01,Shape_Area,-1,-1,O:\Precinct Services\Projects\GIS\Reprecincting 2012\Output\SF_DOE_precincts_2012.gdb\Boundaries\Precincts_Dist02,Shape_Area,-1,-1,O:\Precinct Services\Projects\GIS\Reprecincting 2012\Output\SF_DOE_precincts_2012.gdb\Boundaries\Precincts_Dist03,Shape_Area,-1,-1,O:\Precinct Services\Projects\GIS\Reprecincting 2012\Output\SF_DOE_precincts_2012.gdb\Boundaries\Precincts_Dist04,Shape_Area,-1,-1,O:\Precinct Services\Projects\GIS\Reprecincting 2012\Output\SF_DOE_precincts_2012.gdb\Boundaries\Precincts_Dist05,Shape_Area,-1,-1,O:\Precinct Services\Projects\GIS\Reprecincting 2012\Output\SF_DOE_precincts_2012.gdb\Boundaries\Precincts_Dist06,Shape_Area,-1,-1,O:\Precinct Services\Projects\GIS\Reprecincting 2012\Output\SF_DOE_precincts_2012.gdb\Boundaries\Precincts_Dist07,Shape_Area,-1,-1,O:\Precinct Services\Projects\GIS\Reprecincting 2012\Output\SF_DOE_precincts_2012.gdb\Boundaries\Precincts_Dist08,Shape_Area,-1,-1,O:\Precinct Services\Projects\GIS\Reprecincting 2012\Output\SF_DOE_precincts_2012.gdb\Boundaries\Precincts_Dist09,Shape_Area,-1,-1,O:\Precinct Services\Projects\GIS\Reprecincting 2012\Output\SF_DOE_precincts_2012.gdb\Boundaries\Precincts_Dist10,Shape_Area,-1,-1,O:\Precinct Services\Projects\GIS\Reprecincting 2012\Output\SF_DOE_precincts_2012.gdb\Boundaries\Precincts_Dist11,Shape_Area,-1,-1"</Process><Process ToolSource="C:\Program Files (x86)\ArcGIS\Desktop10.0\ArcToolbox\Toolboxes\Data Management Tools.tbx\CalculateField" Date="20120524" Time="142445">CalculateField Precincts_v1 SupDist 11 VB #</Process><Process ToolSource="C:\Program Files (x86)\ArcGIS\Desktop10.0\ArcToolbox\Toolboxes\Data Management Tools.tbx\CalculateField" Date="20120524" Time="180229">CalculateField Precincts_v2 BARTDist 7 VB #</Process><Process ToolSource="C:\Program Files (x86)\ArcGIS\Desktop10.0\ArcToolbox\Toolboxes\Data Management Tools.tbx\CalculateField" Date="20120524" Time="180305">CalculateField Precincts_v2 BARTDist 8 VB #</Process><Process ToolSource="C:\Program Files (x86)\ArcGIS\Desktop10.0\ArcToolbox\Toolboxes\Data Management Tools.tbx\CalculateField" Date="20120524" Time="180426">CalculateField Precincts_v2 BARTDist 9 VB #</Process><Process ToolSource="C:\Program Files (x86)\ArcGIS\Desktop10.0\ArcToolbox\Toolboxes\Data Management Tools.tbx\CalculateField" Date="20120524" Time="180620">CalculateField Precincts_v2 AssemDist 17 VB #</Process><Process ToolSource="C:\Program Files (x86)\ArcGIS\Desktop10.0\ArcToolbox\Toolboxes\Data Management Tools.tbx\CalculateField" Date="20120524" Time="180645">CalculateField Precincts_v2 AssemDist 19 VB #</Process><Process ToolSource="C:\Program Files (x86)\ArcGIS\Desktop10.0\ArcToolbox\Toolboxes\Data Management Tools.tbx\CalculateField" Date="20120524" Time="180729">CalculateField Precincts_v2 CongDist 14 VB #</Process><Process ToolSource="C:\Program Files (x86)\ArcGIS\Desktop10.0\ArcToolbox\Toolboxes\Data Management Tools.tbx\CalculateField" Date="20120524" Time="180755">CalculateField Precincts_v2 CongDist 12 VB #</Process><Process ToolSource="C:\Program Files (x86)\ArcGIS\Desktop10.0\ArcToolbox\Toolboxes\Data Management Tools.tbx\CalculateField" Date="20120524" Time="180925">CalculateField Precincts_v2 CongDist "" VB #</Process><Process ToolSource="C:\Program Files (x86)\ArcGIS\Desktop10.0\ArcToolbox\Toolboxes\Data Management Tools.tbx\CalculateField" Date="20120524" Time="181001">CalculateField Precincts_v2 CongDist "13" VB #</Process><Process ToolSource="C:\Program Files (x86)\ArcGIS\Desktop10.0\ArcToolbox\Toolboxes\Data Management Tools.tbx\CalculateField" Date="20120524" Time="181126">CalculateField Precincts_v2 SupDist "" VB #</Process><Process ToolSource="C:\Program Files (x86)\ArcGIS\Desktop10.0\ArcToolbox\Toolboxes\Data Management Tools.tbx\CalculateField" Date="20120525" Time="124013">CalculateField Precincts_v2 NeighRep "SUNSET" VB #</Process><Process ToolSource="C:\Program Files (x86)\ArcGIS\Desktop10.0\ArcToolbox\Toolboxes\Data Management Tools.tbx\CalculateField" Date="20120525" Time="124037">CalculateField Precincts_v2 NeighRep "INNER SUNSET" VB #</Process><Process ToolSource="C:\Program Files (x86)\ArcGIS\Desktop10.0\ArcToolbox\Toolboxes\Data Management Tools.tbx\CalculateField" Date="20120525" Time="124126">CalculateField Precincts_v2 NeighRep "W TWIN PKS" VB #</Process><Process ToolSource="C:\Program Files (x86)\ArcGIS\Desktop10.0\ArcToolbox\Toolboxes\Data Management Tools.tbx\CalculateField" Date="20120525" Time="124147">CalculateField Precincts_v2 NeighRep "LAKE MERCED" VB #</Process><Process ToolSource="C:\Program Files (x86)\ArcGIS\Desktop10.0\ArcToolbox\Toolboxes\Data Management Tools.tbx\CalculateField" Date="20120525" Time="124228">CalculateField Precincts_v2 NeighRep "INGLESIDE" VB #</Process><Process ToolSource="C:\Program Files (x86)\ArcGIS\Desktop10.0\ArcToolbox\Toolboxes\Data Management Tools.tbx\CalculateField" Date="20120525" Time="124246">CalculateField Precincts_v2 NeighRep "W TWIN PKS" VB #</Process><Process ToolSource="C:\Program Files (x86)\ArcGIS\Desktop10.0\ArcToolbox\Toolboxes\Data Management Tools.tbx\CalculateField" Date="20120525" Time="124342">CalculateField Precincts_v2 NeighRep "EXCELSIOR" VB #</Process><Process ToolSource="C:\Program Files (x86)\ArcGIS\Desktop10.0\ArcToolbox\Toolboxes\Data Management Tools.tbx\CalculateField" Date="20120525" Time="124413">CalculateField Precincts_v2 NeighRep "VISITA VLY" VB #</Process><Process ToolSource="C:\Program Files (x86)\ArcGIS\Desktop10.0\ArcToolbox\Toolboxes\Data Management Tools.tbx\CalculateField" Date="20120525" Time="124501">CalculateField Precincts_v2 NeighRep "BAYVW/HTRSPT" VB #</Process><Process ToolSource="C:\Program Files (x86)\ArcGIS\Desktop10.0\ArcToolbox\Toolboxes\Data Management Tools.tbx\CalculateField" Date="20120525" Time="124654">CalculateField Precincts_v2 NeighRep "POTRERO HILL" VB #</Process><Process ToolSource="C:\Program Files (x86)\ArcGIS\Desktop10.0\ArcToolbox\Toolboxes\Data Management Tools.tbx\CalculateField" Date="20120525" Time="124730">CalculateField Precincts_v2 NeighRep "PORTOLA" VB #</Process><Process ToolSource="C:\Program Files (x86)\ArcGIS\Desktop10.0\ArcToolbox\Toolboxes\Data Management Tools.tbx\CalculateField" Date="20120525" Time="124806">CalculateField Precincts_v2 NeighRep "S BERNAL HTS" VB #</Process><Process ToolSource="C:\Program Files (x86)\ArcGIS\Desktop10.0\ArcToolbox\Toolboxes\Data Management Tools.tbx\CalculateField" Date="20120525" Time="124829">CalculateField Precincts_v2 NeighRep "DIAMD HTS" VB #</Process><Process ToolSource="C:\Program Files (x86)\ArcGIS\Desktop10.0\ArcToolbox\Toolboxes\Data Management Tools.tbx\CalculateField" Date="20120525" Time="124902">CalculateField Precincts_v2 NeighRep "N BERNAL HTS" VB #</Process><Process ToolSource="C:\Program Files (x86)\ArcGIS\Desktop10.0\ArcToolbox\Toolboxes\Data Management Tools.tbx\CalculateField" Date="20120525" Time="124940">CalculateField Precincts_v2 NeighRep "NOE VALLEY" VB #</Process><Process ToolSource="C:\Program Files (x86)\ArcGIS\Desktop10.0\ArcToolbox\Toolboxes\Data Management Tools.tbx\CalculateField" Date="20120525" Time="125024">CalculateField Precincts_v2 NeighRep "MISSION" VB #</Process><Process ToolSource="C:\Program Files (x86)\ArcGIS\Desktop10.0\ArcToolbox\Toolboxes\Data Management Tools.tbx\CalculateField" Date="20120525" Time="125100">CalculateField Precincts_v2 NeighRep "UPRMKT/EURKA" VB #</Process><Process ToolSource="C:\Program Files (x86)\ArcGIS\Desktop10.0\ArcToolbox\Toolboxes\Data Management Tools.tbx\CalculateField" Date="20120525" Time="125129">CalculateField Precincts_v2 NeighRep "HAIGHT ASH" VB #</Process><Process ToolSource="C:\Program Files (x86)\ArcGIS\Desktop10.0\ArcToolbox\Toolboxes\Data Management Tools.tbx\CalculateField" Date="20120525" Time="125211">CalculateField Precincts_v2 NeighRep "WST ADDITION" VB #</Process><Process ToolSource="C:\Program Files (x86)\ArcGIS\Desktop10.0\ArcToolbox\Toolboxes\Data Management Tools.tbx\CalculateField" Date="20120525" Time="125221">CalculateField Precincts_v2 NeighRep "WST ADDITION" VB #</Process><Process ToolSource="C:\Program Files (x86)\ArcGIS\Desktop10.0\ArcToolbox\Toolboxes\Data Management Tools.tbx\CalculateField" Date="20120525" Time="125239">CalculateField Precincts_v2 NeighRep "HAIGHT ASH" VB #</Process><Process ToolSource="C:\Program Files (x86)\ArcGIS\Desktop10.0\ArcToolbox\Toolboxes\Data Management Tools.tbx\CalculateField" Date="20120525" Time="125327">CalculateField Precincts_v2 NeighRep "RICHMOND" VB #</Process><Process ToolSource="C:\Program Files (x86)\ArcGIS\Desktop10.0\ArcToolbox\Toolboxes\Data Management Tools.tbx\CalculateField" Date="20120525" Time="125354">CalculateField Precincts_v2 NeighRep "LRL HTS/ANZA" VB #</Process><Process ToolSource="C:\Program Files (x86)\ArcGIS\Desktop10.0\ArcToolbox\Toolboxes\Data Management Tools.tbx\CalculateField" Date="20120525" Time="125421">CalculateField Precincts_v2 NeighRep "SECLF/PREHTS" VB #</Process><Process ToolSource="C:\Program Files (x86)\ArcGIS\Desktop10.0\ArcToolbox\Toolboxes\Data Management Tools.tbx\CalculateField" Date="20120525" Time="125500">CalculateField Precincts_v2 NeighRep "MAR/PAC HTS" VB #</Process><Process ToolSource="C:\Program Files (x86)\ArcGIS\Desktop10.0\ArcToolbox\Toolboxes\Data Management Tools.tbx\CalculateField" Date="20120525" Time="125528">CalculateField Precincts_v2 NeighRep "SOMA" VB #</Process><Process ToolSource="C:\Program Files (x86)\ArcGIS\Desktop10.0\ArcToolbox\Toolboxes\Data Management Tools.tbx\CalculateField" Date="20120525" Time="125604">CalculateField Precincts_v2 NeighRep "CVC CTR/DWTN" VB #</Process><Process ToolSource="C:\Program Files (x86)\ArcGIS\Desktop10.0\ArcToolbox\Toolboxes\Data Management Tools.tbx\CalculateField" Date="20120525" Time="125637">CalculateField Precincts_v2 NeighRep "CHINA" VB #</Process><Process ToolSource="C:\Program Files (x86)\ArcGIS\Desktop10.0\ArcToolbox\Toolboxes\Data Management Tools.tbx\CalculateField" Date="20120525" Time="125650">CalculateField Precincts_v2 NeighRep "CHINA" VB #</Process><Process ToolSource="C:\Program Files (x86)\ArcGIS\Desktop10.0\ArcToolbox\Toolboxes\Data Management Tools.tbx\CalculateField" Date="20120525" Time="125725">CalculateField Precincts_v2 NeighRep "N EMBRCDRO" VB #</Process><Process ToolSource="C:\Program Files (x86)\ArcGIS\Desktop10.0\ArcToolbox\Toolboxes\Data Management Tools.tbx\CalculateField" Date="20120525" Time="125910">CalculateField Precincts_v2 NeighRep "NA" VB #</Process><Process ToolSource="C:\Program Files (x86)\ArcGIS\Desktop10.0\ArcToolbox\Toolboxes\Data Management Tools.tbx\CalculateField" Date="20120525" Time="125934">CalculateField Precincts_v2 BARTDist "" VB #</Process><Process ToolSource="C:\Program Files (x86)\ArcGIS\Desktop10.0\ArcToolbox\Toolboxes\Data Management Tools.tbx\CalculateField" Date="20120525" Time="155313">CalculateField SF_DOE_Precincts_201205 PREC_2012 [Precinct_N] VB #</Process><Process ToolSource="C:\Program Files (x86)\ArcGIS\Desktop10.0\ArcToolbox\Toolboxes\Data Management Tools.tbx\CalculateField" Date="20120525" Time="165417">CalculateField SF_DOE_Precincts_201205 PREC_2010 9205 VB #</Process><Process ToolSource="C:\Program Files (x86)\ArcGIS\Desktop10.0\ArcToolbox\Toolboxes\Data Management Tools.tbx\CalculateField" Date="20120525" Time="165612">CalculateField SF_DOE_Precincts_201205 PREC_2010 2217 VB #</Process><Process ToolSource="C:\Program Files (x86)\ArcGIS\Desktop10.0\ArcToolbox\Toolboxes\Data Management Tools.tbx\CalculateField" Date="20120525" Time="165724">CalculateField SF_DOE_Precincts_201205 PREC_2010 3302 VB #</Process><Process ToolSource="C:\Program Files (x86)\ArcGIS\Desktop10.0\ArcToolbox\Toolboxes\Data Management Tools.tbx\CalculateField" Date="20120525" Time="165745">CalculateField SF_DOE_Precincts_201205 PREC_2010 3345 VB #</Process><Process ToolSource="C:\Program Files (x86)\ArcGIS\Desktop10.0\ArcToolbox\Toolboxes\Data Management Tools.tbx\CalculateField" Date="20120525" Time="165824">CalculateField SF_DOE_Precincts_201205 PREC_2010 3338 VB #</Process><Process ToolSource="C:\Program Files (x86)\ArcGIS\Desktop10.0\ArcToolbox\Toolboxes\Data Management Tools.tbx\CalculateField" Date="20120525" Time="165913">CalculateField SF_DOE_Precincts_201205 PREC_2010 3333 VB #</Process><Process ToolSource="C:\Program Files (x86)\ArcGIS\Desktop10.0\ArcToolbox\Toolboxes\Data Management Tools.tbx\CalculateField" Date="20120525" Time="170006">CalculateField SF_DOE_Precincts_201205 PREC_2010 3326 VB #</Process><Process ToolSource="C:\Program Files (x86)\ArcGIS\Desktop10.0\ArcToolbox\Toolboxes\Data Management Tools.tbx\CalculateField" Date="20120525" Time="170023">CalculateField SF_DOE_Precincts_201205 PREC_2010 3343 VB #</Process><Process ToolSource="C:\Program Files (x86)\ArcGIS\Desktop10.0\ArcToolbox\Toolboxes\Data Management Tools.tbx\CalculateField" Date="20120525" Time="170101">CalculateField SF_DOE_Precincts_201205 PREC_2010 2505 VB #</Process><Process ToolSource="C:\Program Files (x86)\ArcGIS\Desktop10.0\ArcToolbox\Toolboxes\Data Management Tools.tbx\CalculateField" Date="20120525" Time="170137">CalculateField SF_DOE_Precincts_201205 PREC_2010 2409 VB #</Process><Process ToolSource="C:\Program Files (x86)\ArcGIS\Desktop10.0\ArcToolbox\Toolboxes\Data Management Tools.tbx\CalculateField" Date="20120525" Time="170159">CalculateField SF_DOE_Precincts_201205 PREC_2010 2416 VB #</Process><Process ToolSource="C:\Program Files (x86)\ArcGIS\Desktop10.0\ArcToolbox\Toolboxes\Data Management Tools.tbx\CalculateField" Date="20120525" Time="170219">CalculateField SF_DOE_Precincts_201205 PREC_2010 3504 VB #</Process><Process ToolSource="C:\Program Files (x86)\ArcGIS\Desktop10.0\ArcToolbox\Toolboxes\Data Management Tools.tbx\CalculateField" Date="20120525" Time="170255">CalculateField SF_DOE_Precincts_201205 PREC_2010 3501 VB #</Process><Process ToolSource="C:\Program Files (x86)\ArcGIS\Desktop10.0\ArcToolbox\Toolboxes\Data Management Tools.tbx\CalculateField" Date="20120525" Time="170329">CalculateField SF_DOE_Precincts_201205 PREC_2010 3501 VB #</Process><Process ToolSource="C:\Program Files (x86)\ArcGIS\Desktop10.0\ArcToolbox\Toolboxes\Data Management Tools.tbx\CalculateField" Date="20120525" Time="170346">CalculateField SF_DOE_Precincts_201205 PREC_2010 3243 VB #</Process><Process ToolSource="C:\Program Files (x86)\ArcGIS\Desktop10.0\ArcToolbox\Toolboxes\Data Management Tools.tbx\CalculateField" Date="20120525" Time="170427">CalculateField SF_DOE_Precincts_201205 PREC_2010 3512 VB #</Process><Process ToolSource="C:\Program Files (x86)\ArcGIS\Desktop10.0\ArcToolbox\Toolboxes\Data Management Tools.tbx\CalculateField" Date="20120525" Time="170450">CalculateField SF_DOE_Precincts_201205 PREC_2010 3533 VB #</Process><Process ToolSource="C:\Program Files (x86)\ArcGIS\Desktop10.0\ArcToolbox\Toolboxes\Data Management Tools.tbx\CalculateField" Date="20120525" Time="170519">CalculateField SF_DOE_Precincts_201205 PREC_2010 3602 VB #</Process><Process ToolSource="C:\Program Files (x86)\ArcGIS\Desktop10.0\ArcToolbox\Toolboxes\Data Management Tools.tbx\CalculateField" Date="20120525" Time="170539">CalculateField SF_DOE_Precincts_201205 PREC_2010 3651 VB #</Process><Process ToolSource="C:\Program Files (x86)\ArcGIS\Desktop10.0\ArcToolbox\Toolboxes\Data Management Tools.tbx\CalculateField" Date="20120525" Time="170616">CalculateField SF_DOE_Precincts_201205 PREC_2010 3654 VB #</Process><Process ToolSource="C:\Program Files (x86)\ArcGIS\Desktop10.0\ArcToolbox\Toolboxes\Data Management Tools.tbx\CalculateField" Date="20120525" Time="170641">CalculateField SF_DOE_Precincts_201205 PREC_2010 3639 VB #</Process><Process ToolSource="C:\Program Files (x86)\ArcGIS\Desktop10.0\ArcToolbox\Toolboxes\Data Management Tools.tbx\CalculateField" Date="20120525" Time="170706">CalculateField SF_DOE_Precincts_201205 PREC_2010 3634 VB #</Process><Process ToolSource="C:\Program Files (x86)\ArcGIS\Desktop10.0\ArcToolbox\Toolboxes\Data Management Tools.tbx\CalculateField" Date="20120525" Time="170723">CalculateField SF_DOE_Precincts_201205 PREC_2010 3625 VB #</Process><Process ToolSource="C:\Program Files (x86)\ArcGIS\Desktop10.0\ArcToolbox\Toolboxes\Data Management Tools.tbx\CalculateField" Date="20120525" Time="170741">CalculateField SF_DOE_Precincts_201205 PREC_2010 3657 VB #</Process><Process ToolSource="C:\Program Files (x86)\ArcGIS\Desktop10.0\ArcToolbox\Toolboxes\Data Management Tools.tbx\CalculateField" Date="20120525" Time="170815">CalculateField SF_DOE_Precincts_201205 PREC_2010 3638 VB #</Process><Process ToolSource="C:\Program Files (x86)\ArcGIS\Desktop10.0\ArcToolbox\Toolboxes\Data Management Tools.tbx\CalculateField" Date="20120525" Time="170838">CalculateField SF_DOE_Precincts_201205 PREC_2010 1101 VB #</Process><Process ToolSource="C:\Program Files (x86)\ArcGIS\Desktop10.0\ArcToolbox\Toolboxes\Data Management Tools.tbx\CalculateField" Date="20120525" Time="170859">CalculateField SF_DOE_Precincts_201205 PREC_2010 2743 VB #</Process><Process ToolSource="C:\Program Files (x86)\ArcGIS\Desktop10.0\ArcToolbox\Toolboxes\Data Management Tools.tbx\CalculateField" Date="20120525" Time="170931">CalculateField SF_DOE_Precincts_201205 PREC_2010 2706 VB #</Process><Process ToolSource="C:\Program Files (x86)\ArcGIS\Desktop10.0\ArcToolbox\Toolboxes\Data Management Tools.tbx\CalculateField" Date="20120525" Time="170946">CalculateField SF_DOE_Precincts_201205 PREC_2010 2728 VB #</Process><Process ToolSource="C:\Program Files (x86)\ArcGIS\Desktop10.0\ArcToolbox\Toolboxes\Data Management Tools.tbx\CalculateField" Date="20120525" Time="171007">CalculateField SF_DOE_Precincts_201205 PREC_2010 3823 VB #</Process><Process ToolSource="C:\Program Files (x86)\ArcGIS\Desktop10.0\ArcToolbox\Toolboxes\Data Management Tools.tbx\CalculateField" Date="20120525" Time="171043">CalculateField SF_DOE_Precincts_201205 PREC_2010 3858 VB #</Process><Process ToolSource="C:\Program Files (x86)\ArcGIS\Desktop10.0\ArcToolbox\Toolboxes\Data Management Tools.tbx\CalculateField" Date="20120525" Time="171107">CalculateField SF_DOE_Precincts_201205 PREC_2010 1102 VB #</Process><Process ToolSource="C:\Program Files (x86)\ArcGIS\Desktop10.0\ArcToolbox\Toolboxes\Data Management Tools.tbx\CalculateField" Date="20120525" Time="171129">CalculateField SF_DOE_Precincts_201205 PREC_2010 3809 VB #</Process><Process ToolSource="C:\Program Files (x86)\ArcGIS\Desktop10.0\ArcToolbox\Toolboxes\Data Management Tools.tbx\CalculateField" Date="20120525" Time="171220">CalculateField SF_DOE_Precincts_201205 PREC_2010 3823 VB #</Process><Process ToolSource="C:\Program Files (x86)\ArcGIS\Desktop10.0\ArcToolbox\Toolboxes\Data Management Tools.tbx\CalculateField" Date="20120525" Time="171240">CalculateField SF_DOE_Precincts_201205 PREC_2010 3855 VB #</Process><Process ToolSource="C:\Program Files (x86)\ArcGIS\Desktop10.0\ArcToolbox\Toolboxes\Data Management Tools.tbx\CalculateField" Date="20120525" Time="171300">CalculateField SF_DOE_Precincts_201205 PREC_2010 3859 VB #</Process><Process ToolSource="C:\Program Files (x86)\ArcGIS\Desktop10.0\ArcToolbox\Toolboxes\Data Management Tools.tbx\CalculateField" Date="20120525" Time="171321">CalculateField SF_DOE_Precincts_201205 PREC_2010 1102 VB #</Process><Process ToolSource="C:\Program Files (x86)\ArcGIS\Desktop10.0\ArcToolbox\Toolboxes\Data Management Tools.tbx\CalculateField" Date="20120525" Time="171343">CalculateField SF_DOE_Precincts_201205 PREC_2010 3935 VB #</Process><Process ToolSource="C:\Program Files (x86)\ArcGIS\Desktop10.0\ArcToolbox\Toolboxes\Data Management Tools.tbx\CalculateField" Date="20120525" Time="171406">CalculateField SF_DOE_Precincts_201205 PREC_2010 3833 VB #</Process><Process ToolSource="C:\Program Files (x86)\ArcGIS\Desktop10.0\ArcToolbox\Toolboxes\Data Management Tools.tbx\CalculateField" Date="20120525" Time="171431">CalculateField SF_DOE_Precincts_201205 PREC_2010 3913 VB #</Process><Process ToolSource="C:\Program Files (x86)\ArcGIS\Desktop10.0\ArcToolbox\Toolboxes\Data Management Tools.tbx\CalculateField" Date="20120525" Time="171530">CalculateField SF_DOE_Precincts_201205 PREC_2010 3906 VB #</Process><Process ToolSource="C:\Program Files (x86)\ArcGIS\Desktop10.0\ArcToolbox\Toolboxes\Data Management Tools.tbx\CalculateField" Date="20120525" Time="171544">CalculateField SF_DOE_Precincts_201205 PREC_2010 2004 VB #</Process><Process ToolSource="C:\Program Files (x86)\ArcGIS\Desktop10.0\ArcToolbox\Toolboxes\Data Management Tools.tbx\CalculateField" Date="20120525" Time="171557">CalculateField SF_DOE_Precincts_201205 PREC_2010 2001 VB #</Process><Process ToolSource="C:\Program Files (x86)\ArcGIS\Desktop10.0\ArcToolbox\Toolboxes\Data Management Tools.tbx\CalculateField" Date="20120525" Time="171610">CalculateField SF_DOE_Precincts_201205 PREC_2010 3012 VB #</Process><Process ToolSource="C:\Program Files (x86)\ArcGIS\Desktop10.0\ArcToolbox\Toolboxes\Data Management Tools.tbx\CalculateField" Date="20120525" Time="171653">CalculateField SF_DOE_Precincts_201205 PREC_2010 3646 VB #</Process><Process ToolSource="C:\Program Files (x86)\ArcGIS\Desktop10.0\ArcToolbox\Toolboxes\Data Management Tools.tbx\CalculateField" Date="20120525" Time="171715">CalculateField SF_DOE_Precincts_201205 PREC_2010 3647 VB #</Process><Process ToolSource="C:\Program Files (x86)\ArcGIS\Desktop10.0\ArcToolbox\Toolboxes\Data Management Tools.tbx\CalculateField" Date="20120525" Time="171735">CalculateField SF_DOE_Precincts_201205 PREC_2010 3619 VB #</Process><Process ToolSource="C:\Program Files (x86)\ArcGIS\Desktop10.0\ArcToolbox\Toolboxes\Data Management Tools.tbx\CalculateField" Date="20120525" Time="171754">CalculateField SF_DOE_Precincts_201205 PREC_2010 3919 VB #</Process><Process ToolSource="C:\Program Files (x86)\ArcGIS\Desktop10.0\ArcToolbox\Toolboxes\Data Management Tools.tbx\CalculateField" Date="20120525" Time="171828">CalculateField SF_DOE_Precincts_201205 PREC_2010 3924 VB #</Process><Process ToolSource="C:\Program Files (x86)\ArcGIS\Desktop10.0\ArcToolbox\Toolboxes\Data Management Tools.tbx\CalculateField" Date="20120525" Time="171847">CalculateField SF_DOE_Precincts_201205 PREC_2010 2905 VB #</Process><Process ToolSource="C:\Program Files (x86)\ArcGIS\Desktop10.0\ArcToolbox\Toolboxes\Data Management Tools.tbx\CalculateField" Date="20120525" Time="171906">CalculateField SF_DOE_Precincts_201205 PREC_2010 3924 VB #</Process><Process ToolSource="C:\Program Files (x86)\ArcGIS\Desktop10.0\ArcToolbox\Toolboxes\Data Management Tools.tbx\CalculateField" Date="20120525" Time="172001">CalculateField SF_DOE_Precincts_201205 PREC_2010 3937 VB #</Process><Process ToolSource="C:\Program Files (x86)\ArcGIS\Desktop10.0\ArcToolbox\Toolboxes\Data Management Tools.tbx\CalculateField" Date="20120525" Time="172020">CalculateField SF_DOE_Precincts_201205 PREC_2010 3019 VB #</Process><Process ToolSource="C:\Program Files (x86)\ArcGIS\Desktop10.0\ArcToolbox\Toolboxes\Data Management Tools.tbx\CalculateField" Date="20120525" Time="172047">CalculateField SF_DOE_Precincts_201205 PREC_2010 2005 VB #</Process><Process ToolSource="C:\Program Files (x86)\ArcGIS\Desktop10.0\ArcToolbox\Toolboxes\Data Management Tools.tbx\CalculateField" Date="20120525" Time="172104">CalculateField SF_DOE_Precincts_201205 PREC_2010 3002 VB #</Process><Process ToolSource="C:\Program Files (x86)\ArcGIS\Desktop10.0\ArcToolbox\Toolboxes\Data Management Tools.tbx\CalculateField" Date="20120525" Time="172123">CalculateField SF_DOE_Precincts_201205 PREC_2010 3001 VB #</Process><Process ToolSource="C:\Program Files (x86)\ArcGIS\Desktop10.0\ArcToolbox\Toolboxes\Data Management Tools.tbx\CalculateField" Date="20120525" Time="172156">CalculateField SF_DOE_Precincts_201205 PREC_2010 3022 VB #</Process><Process ToolSource="C:\Program Files (x86)\ArcGIS\Desktop10.0\ArcToolbox\Toolboxes\Data Management Tools.tbx\CalculateField" Date="20120525" Time="172214">CalculateField SF_DOE_Precincts_201205 PREC_2010 2005 VB #</Process><Process ToolSource="C:\Program Files (x86)\ArcGIS\Desktop10.0\ArcToolbox\Toolboxes\Data Management Tools.tbx\CalculateField" Date="20120525" Time="172241">CalculateField SF_DOE_Precincts_201205 PREC_2010 2001 VB #</Process><Process ToolSource="C:\Program Files (x86)\ArcGIS\Desktop10.0\ArcToolbox\Toolboxes\Data Management Tools.tbx\CalculateField" Date="20120525" Time="172301">CalculateField SF_DOE_Precincts_201205 PREC_2010 1128 VB #</Process><Process ToolSource="C:\Program Files (x86)\ArcGIS\Desktop10.0\ArcToolbox\Toolboxes\Data Management Tools.tbx\CalculateField" Date="20120525" Time="172336">CalculateField SF_DOE_Precincts_201205 PREC_2010 1119 VB #</Process><Process ToolSource="C:\Program Files (x86)\ArcGIS\Desktop10.0\ArcToolbox\Toolboxes\Data Management Tools.tbx\CalculateField" Date="20120525" Time="172408">CalculateField SF_DOE_Precincts_201205 PREC_2010 1105 VB #</Process><Process ToolSource="C:\Program Files (x86)\ArcGIS\Desktop10.0\ArcToolbox\Toolboxes\Data Management Tools.tbx\CalculateField" Date="20120525" Time="172424">CalculateField SF_DOE_Precincts_201205 PREC_2010 2001 VB #</Process><Process ToolSource="C:\Program Files (x86)\ArcGIS\Desktop10.0\ArcToolbox\Toolboxes\Data Management Tools.tbx\CalculateField" Date="20120525" Time="172449">CalculateField SF_DOE_Precincts_201205 PREC_2010 1137 VB #</Process><Process ToolSource="C:\Program Files (x86)\ArcGIS\Desktop10.0\ArcToolbox\Toolboxes\Data Management Tools.tbx\CalculateField" Date="20120525" Time="172503">CalculateField SF_DOE_Precincts_201205 PREC_2010 4000 VB #</Process><Process ToolSource="C:\Program Files (x86)\ArcGIS\Desktop10.0\ArcToolbox\Toolboxes\Data Management Tools.tbx\CalculateField" Date="20120525" Time="172815">CalculateField SF_DOE_Precincts_201205 PREC_2010 2147 VB #</Process><Process ToolSource="C:\Program Files (x86)\ArcGIS\Desktop10.0\ArcToolbox\Toolboxes\Data Management Tools.tbx\CalculateField" Date="20120525" Time="172831">CalculateField SF_DOE_Precincts_201205 PREC_2010 2128 VB #</Process><Process ToolSource="C:\Program Files (x86)\ArcGIS\Desktop10.0\ArcToolbox\Toolboxes\Data Management Tools.tbx\CalculateField" Date="20120525" Time="172853">CalculateField SF_DOE_Precincts_201205 PREC_2010 2101 VB #</Process><Process ToolSource="C:\Program Files (x86)\ArcGIS\Desktop10.0\ArcToolbox\Toolboxes\Data Management Tools.tbx\CalculateField" Date="20120525" Time="172919">CalculateField SF_DOE_Precincts_201205 PREC_2010 2121 VB #</Process><Process ToolSource="C:\Program Files (x86)\ArcGIS\Desktop10.0\ArcToolbox\Toolboxes\Data Management Tools.tbx\CalculateField" Date="20120525" Time="172933">CalculateField SF_DOE_Precincts_201205 PREC_2010 2136 VB #</Process><Process ToolSource="C:\Program Files (x86)\ArcGIS\Desktop10.0\ArcToolbox\Toolboxes\Data Management Tools.tbx\CalculateField" Date="20120525" Time="172947">CalculateField SF_DOE_Precincts_201205 PREC_2010 3502 VB #</Process><Process ToolSource="c:\program files (x86)\arcgis\desktop10.0\ArcToolbox\Toolboxes\Data Management Tools.tbx\CopyFeatures" Date="20120531" Time="103128">CopyFeatures "O:\Precinct Services\Projects\GIS\Reprecincting 2012\Output\Deliverables\SF_DOE_Precincts_201205.shp" "O:\Precinct Services\Projects\GIS\Reprecincting 2012\Output\SF_DOE_precincts_2012.gdb\Boundaries\SF_DOE_Precincts_201205" # 0 0 0</Process><Process ToolSource="c:\program files (x86)\arcgis\desktop10.0\ArcToolbox\Toolboxes\Conversion Tools.tbx\FeatureClassToFeatureClass" Date="20120706" Time="103524">FeatureClassToFeatureClass "O:\Precinct Services\Projects\GIS\Reprecincting 2012\Output\SF_DOE_precincts_2012.gdb\Boundaries\SF_DOE_Precincts_201205" "O:\Precinct Services\Projects\GIS\Reprecincting 2012\Output\SF_DOE_precincts_2012.gdb\Boundaries" SF_DOE_Precincts_201207021 # "SupDist "SupDist" true true false 10 Text 0 0 ,First,#,O:\Precinct Services\Projects\GIS\Reprecincting 2012\Output\SF_DOE_precincts_2012.gdb\Boundaries\SF_DOE_Precincts_201205,SupDist,-1,-1;Shape_Leng "Shape_Leng" true true false 8 Double 0 0 ,First,#,O:\Precinct Services\Projects\GIS\Reprecincting 2012\Output\SF_DOE_precincts_2012.gdb\Boundaries\SF_DOE_Precincts_201205,Shape_Leng,-1,-1;BARTDist "BARTDist" true true false 10 Text 0 0 ,First,#,O:\Precinct Services\Projects\GIS\Reprecincting 2012\Output\SF_DOE_precincts_2012.gdb\Boundaries\SF_DOE_Precincts_201205,BARTDist,-1,-1;AssemDist "AssemDist" true true false 10 Text 0 0 ,First,#,O:\Precinct Services\Projects\GIS\Reprecincting 2012\Output\SF_DOE_precincts_2012.gdb\Boundaries\SF_DOE_Precincts_201205,AssemDist,-1,-1;CongDist "CongDist" true true false 10 Text 0 0 ,First,#,O:\Precinct Services\Projects\GIS\Reprecincting 2012\Output\SF_DOE_precincts_2012.gdb\Boundaries\SF_DOE_Precincts_201205,CongDist,-1,-1;NeighRep "NeighRep" true true false 30 Text 0 0 ,First,#,O:\Precinct Services\Projects\GIS\Reprecincting 2012\Output\SF_DOE_precincts_2012.gdb\Boundaries\SF_DOE_Precincts_201205,NeighRep,-1,-1;PREC_2012 "PREC_2012" true true false 10 Text 0 0 ,First,#,O:\Precinct Services\Projects\GIS\Reprecincting 2012\Output\SF_DOE_precincts_2012.gdb\Boundaries\SF_DOE_Precincts_201205,PREC_2012,-1,-1;PREC_2010 "PREC_2010" true true false 10 Text 0 0 ,First,#,O:\Precinct Services\Projects\GIS\Reprecincting 2012\Output\SF_DOE_precincts_2012.gdb\Boundaries\SF_DOE_Precincts_201205,PREC_2010,-1,-1;Shape_Length "Shape_Length" false true true 8 Double 0 0 ,First,#,O:\Precinct Services\Projects\GIS\Reprecincting 2012\Output\SF_DOE_precincts_2012.gdb\Boundaries\SF_DOE_Precincts_201205,Shape_Length,-1,-1;Shape_Area "Shape_Area" false true true 8 Double 0 0 ,First,#,O:\Precinct Services\Projects\GIS\Reprecincting 2012\Output\SF_DOE_precincts_2012.gdb\Boundaries\SF_DOE_Precincts_201205,Shape_Area,-1,-1" #</Process><Process ToolSource="c:\program files (x86)\arcgis\desktop10.3\ArcToolbox\Toolboxes\Data Management Tools.tbx\CalculateField" Date="20170317" Time="143626">CalculateField SF_DOE_Precincts_20120702 PREC_2017 [PREC_2012] VB #</Process></lineage><itemProps><itemLocation><linkage Sync="TRUE">file://\\doe-ntsvr02\office\Precinct Services\GIS\2017 Re-Precinting\SF DOE Precincts 2017\SF_DOE_Precincts_2017.shp</linkage><protocol Sync="TRUE">Local Area Network</protocol></itemLocation><itemName Sync="TRUE">SF_DOE_Precincts_2017</itemName><imsContentType Sync="TRUE">002</imsContentType><nativeExtBox><westBL Sync="TRUE">5979385.520985</westBL><eastBL Sync="TRUE">6033437.197659</eastBL><southBL Sync="TRUE">2085730.474853</southBL><northBL Sync="TRUE">2130981.818077</northBL><exTypeCode Sync="TRUE">1</exTypeCode></nativeExtBox><relatedItems><item><itemName/></item><item><itemName Sync="TRUE">Anno_3_8</itemName><itemType Sync="TRUE">Relationship</itemType></item></relatedItems><itemSize Sync="TRUE">0.000</itemSize></itemProps><coordRef><type Sync="TRUE">Projected</type><geogcsn Sync="TRUE">GCS_North_American_1983</geogcsn><csUnits Sync="TRUE">Linear Unit: Foot_US (0.304801)</csUnits><projcsn Sync="TRUE">NAD_1983_StatePlane_California_III_FIPS_0403_Feet</projcsn><peXml Sync="TRUE">&lt;ProjectedCoordinateSystem xsi:type='typens:ProjectedCoordinateSystem' xmlns:xsi='http://www.w3.org/2001/XMLSchema-instance' xmlns:xs='http://www.w3.org/2001/XMLSchema' xmlns:typens='http://www.esri.com/schemas/ArcGIS/10.3'&gt;&lt;WKT&gt;PROJCS[&amp;quot;NAD_1983_StatePlane_California_III_FIPS_0403_Feet&amp;quot;,GEOGCS[&amp;quot;GCS_North_American_1983&amp;quot;,DATUM[&amp;quot;D_North_American_1983&amp;quot;,SPHEROID[&amp;quot;GRS_1980&amp;quot;,6378137.0,298.257222101]],PRIMEM[&amp;quot;Greenwich&amp;quot;,0.0],UNIT[&amp;quot;Degree&amp;quot;,0.0174532925199433]],PROJECTION[&amp;quot;Lambert_Conformal_Conic&amp;quot;],PARAMETER[&amp;quot;False_Easting&amp;quot;,6561666.666666666],PARAMETER[&amp;quot;False_Northing&amp;quot;,1640416.666666667],PARAMETER[&amp;quot;Central_Meridian&amp;quot;,-120.5],PARAMETER[&amp;quot;Standard_Parallel_1&amp;quot;,37.06666666666667],PARAMETER[&amp;quot;Standard_Parallel_2&amp;quot;,38.43333333333333],PARAMETER[&amp;quot;Latitude_Of_Origin&amp;quot;,36.5],UNIT[&amp;quot;Foot_US&amp;quot;,0.3048006096012192],AUTHORITY[&amp;quot;EPSG&amp;quot;,2227]]&lt;/WKT&gt;&lt;XOrigin&gt;-115860600&lt;/XOrigin&gt;&lt;YOrigin&gt;-93269500&lt;/YOrigin&gt;&lt;XYScale&gt;36787427.345686711&lt;/XYScale&gt;&lt;ZOrigin&gt;-100000&lt;/ZOrigin&gt;&lt;ZScale&gt;10000&lt;/ZScale&gt;&lt;MOrigin&gt;-100000&lt;/MOrigin&gt;&lt;MScale&gt;10000&lt;/MScale&gt;&lt;XYTolerance&gt;0.0032808333333333331&lt;/XYTolerance&gt;&lt;ZTolerance&gt;0.001&lt;/ZTolerance&gt;&lt;MTolerance&gt;0.001&lt;/MTolerance&gt;&lt;HighPrecision&gt;true&lt;/HighPrecision&gt;&lt;WKID&gt;102643&lt;/WKID&gt;&lt;LatestWKID&gt;2227&lt;/LatestWKID&gt;&lt;/ProjectedCoordinateSystem&gt;</peXml></coordRef></DataProperties><SyncDate>20170504</SyncDate><SyncTime>11155900</SyncTime><ModDate>20170504</ModDate><ModTime>11155900</ModTime></Esri><dataIdInfo><envirDesc Sync="TRUE">Microsoft Windows 7 Version 6.1 (Build 7601) Service Pack 1; Esri ArcGIS 10.3.0.4322</envirDesc><dataLang><languageCode value="eng" Sync="TRUE"></languageCode><countryCode value="USA" Sync="TRUE"></countryCode></dataLang><idCitation><resTitle Sync="TRUE">SF_DOE_Precincts_2017</resTitle><presForm><PresFormCd value="005" Sync="TRUE"></PresFormCd></presForm></idCitation><spatRpType><SpatRepTypCd value="001" Sync="TRUE"></SpatRepTypCd></spatRpType><dataExt><geoEle><GeoBndBox esriExtentType="search"><exTypeCode Sync="TRUE">1</exTypeCode><westBL Sync="TRUE">-122.516315</westBL><eastBL Sync="TRUE">-122.326138</eastBL><northBL Sync="TRUE">37.833119</northBL><southBL Sync="TRUE">37.705822</southBL></GeoBndBox></geoEle></dataExt></dataIdInfo><mdLang><languageCode value="eng" Sync="TRUE"></languageCode><countryCode value="USA" Sync="TRUE"></countryCode></mdLang><distInfo><distFormat><formatName Sync="TRUE">Shapefile</formatName></distFormat><distTranOps><transSize Sync="TRUE">0.000</transSize></distTranOps></distInfo><mdHrLv><ScopeCd value="005" Sync="TRUE"></ScopeCd></mdHrLv><mdHrLvName Sync="TRUE">dataset</mdHrLvName><refSysInfo><RefSystem><refSysID><identCode code="2227" Sync="TRUE" value="2227"></identCode><idCodeSpace Sync="TRUE">EPSG</idCodeSpace><idVersion Sync="TRUE">8.2.6</idVersion></refSysID></RefSystem></refSysInfo><spatRepInfo><VectSpatRep><geometObjs Name="SF_DOE_Precincts_2017"><geoObjTyp><GeoObjTypCd value="002" Sync="TRUE"></GeoObjTypCd></geoObjTyp><geoObjCnt Sync="TRUE">0</geoObjCnt></geometObjs><topLvl><TopoLevCd value="001" Sync="TRUE"></TopoLevCd></topLvl></VectSpatRep></spatRepInfo><spdoinfo><ptvctinf><esriterm Name="SF_DOE_Precincts_2017"><efeatyp Sync="TRUE">Simple</efeatyp><efeageom code="4" Sync="TRUE"></efeageom><esritopo Sync="TRUE">FALSE</esritopo><efeacnt Sync="TRUE">0</efeacnt><spindex Sync="TRUE">FALSE</spindex><linrefer Sync="TRUE">FALSE</linrefer></esriterm></ptvctinf></spdoinfo><eainfo><detailed Name="SF_DOE_Precincts_2017"><enttyp><enttypl Sync="TRUE">SF_DOE_Precincts_2017</enttypl><enttypt Sync="TRUE">Feature Class</enttypt><enttypc Sync="TRUE">0</enttypc></enttyp><attr><attrlabl Sync="TRUE">FID</attrlabl><attalias Sync="TRUE">FID</attalias><attrtype Sync="TRUE">OID</attrtype><attwidth Sync="TRUE">4</attwidth><atprecis Sync="TRUE">0</atprecis><attscale Sync="TRUE">0</attscale><attrdef Sync="TRUE">Internal feature number.</attrdef><attrdefs Sync="TRUE">Esri</attrdefs><attrdomv><udom Sync="TRUE">Sequential unique whole numbers that are automatically generated.</udom></attrdomv></attr><attr><attrlabl Sync="TRUE">Shape</attrlabl><attalias Sync="TRUE">Shape</attalias><attrtype Sync="TRUE">Geometry</attrtype><attwidth Sync="TRUE">0</attwidth><atprecis Sync="TRUE">0</atprecis><attscale Sync="TRUE">0</attscale><attrdef Sync="TRUE">Feature geometry.</attrdef><attrdefs Sync="TRUE">ESRI</attrdefs><attrdomv><udom Sync="TRUE">Coordinates defining the features.</udom></attrdomv></attr><attr><attrlabl Sync="TRUE">SHAPE_Leng</attrlabl><attalias Sync="TRUE">Shape_Leng</attalias><attrtype Sync="TRUE">Double</attrtype><attwidth Sync="TRUE">19</attwidth><atprecis Sync="TRUE">0</atprecis><attscale Sync="TRUE">0</attscale></attr><attr><attrlabl Sync="TRUE">SupDist</attrlabl><attalias Sync="TRUE">SupDist</attalias><attrtype Sync="TRUE">String</attrtype><attwidth Sync="TRUE">10</attwidth><atprecis Sync="TRUE">0</atprecis><attscale Sync="TRUE">0</attscale></attr><attr><attrlabl Sync="TRUE">BARTDist</attrlabl><attalias Sync="TRUE">BARTDist</attalias><attrtype Sync="TRUE">String</attrtype><attwidth Sync="TRUE">10</attwidth><atprecis Sync="TRUE">0</atprecis><attscale Sync="TRUE">0</attscale></attr><attr><attrlabl Sync="TRUE">AssemDist</attrlabl><attalias Sync="TRUE">AssemDist</attalias><attrtype Sync="TRUE">String</attrtype><attwidth Sync="TRUE">10</attwidth><atprecis Sync="TRUE">0</atprecis><attscale Sync="TRUE">0</attscale></attr><attr><attrlabl Sync="TRUE">CongDist</attrlabl><attalias Sync="TRUE">CongDist</attalias><attrtype Sync="TRUE">String</attrtype><attwidth Sync="TRUE">10</attwidth><atprecis Sync="TRUE">0</atprecis><attscale Sync="TRUE">0</attscale></attr><attr><attrlabl Sync="TRUE">NeighRep</attrlabl><attalias Sync="TRUE">NeighRep</attalias><attrtype Sync="TRUE">String</attrtype><attwidth Sync="TRUE">30</attwidth><atprecis Sync="TRUE">0</atprecis><attscale Sync="TRUE">0</attscale></attr><attr><attrlabl Sync="TRUE">PREC_2012</attrlabl><attalias Sync="TRUE">PREC_2012</attalias><attrtype Sync="TRUE">String</attrtype><attwidth Sync="TRUE">10</attwidth><atprecis Sync="TRUE">0</atprecis><attscale Sync="TRUE">0</attscale></attr><attr><attrlabl Sync="TRUE">PREC_2010</attrlabl><attalias Sync="TRUE">PREC_2010</attalias><attrtype Sync="TRUE">String</attrtype><attwidth Sync="TRUE">10</attwidth><atprecis Sync="TRUE">0</atprecis><attscale Sync="TRUE">0</attscale></attr><attr><attrlabl Sync="TRUE">Shape_Le_1</attrlabl><attalias Sync="TRUE">Shape_Le_1</attalias><attrtype Sync="TRUE">Double</attrtype><attwidth Sync="TRUE">19</attwidth><atprecis Sync="TRUE">0</atprecis><attscale Sync="TRUE">0</attscale></attr><attr><attrlabl Sync="TRUE">Shape_Area</attrlabl><attalias Sync="TRUE">Shape_Area</attalias><attrtype Sync="TRUE">Double</attrtype><attwidth Sync="TRUE">19</attwidth><atprecis Sync="TRUE">0</atprecis><attscale Sync="TRUE">0</attscale><attrdef Sync="TRUE">Area of feature in internal units squared.</attrdef><attrdefs Sync="TRUE">ESRI</attrdefs><attrdomv><udom Sync="TRUE">Positive real numbers that are automatically generated.</udom></attrdomv></attr><attr><attrlabl Sync="TRUE">PREC_2017</attrlabl><attalias Sync="TRUE">PREC_2017</attalias><attrtype Sync="TRUE">String</attrtype><attwidth Sync="TRUE">10</attwidth><atprecis Sync="TRUE">0</atprecis><attscale Sync="TRUE">0</attscale></attr></detailed></eainfo><mdDateSt Sync="TRUE">20170504</mdDateSt></metadata>
